{
    "adam": {
        "train_accuracy_history": [
            0.24305999279022217,
            0.3188199996948242,
            0.514519989490509,
            0.5570399761199951,
            0.6166999340057373,
            0.7001799941062927,
            0.7204599380493164,
            0.7430399656295776,
            0.7606399655342102,
            0.7847999930381775,
            0.7966599464416504,
            0.810259997844696,
            0.8163599967956543,
            0.8241399526596069,
            0.8295400142669678,
            0.8351399898529053,
            0.8407800197601318,
            0.8438599705696106,
            0.848360002040863,
            0.8533999919891357,
            0.8532999753952026,
            0.8552999496459961,
            0.8596400022506714,
            0.8644999265670776,
            0.8621799945831299,
            0.8645600080490112,
            0.8657799959182739,
            0.8688399791717529,
            0.8709799647331238,
            0.8732199668884277,
            0.8760600090026855,
            0.8752999901771545,
            0.8778200149536133,
            0.8822799921035767,
            0.880899965763092,
            0.8829999566078186,
            0.8847999572753906,
            0.8849999904632568,
            0.8773800134658813
        ],
        "test_accuracy_history": [
            0.3091000020503998,
            0.4673999845981598,
            0.6098999977111816,
            0.5782999992370605,
            0.6800000071525574,
            0.7062999606132507,
            0.7351999878883362,
            0.7494999766349792,
            0.7716000080108643,
            0.7875999808311462,
            0.7960999608039856,
            0.807699978351593,
            0.8126999735832214,
            0.8154000043869019,
            0.8269000053405762,
            0.8330000042915344,
            0.8360999822616577,
            0.8380999565124512,
            0.8463999629020691,
            0.8422999978065491,
            0.8413999676704407,
            0.8497999906539917,
            0.8540999889373779,
            0.8466999530792236,
            0.8563999533653259,
            0.8557999730110168,
            0.8567000031471252,
            0.8649999499320984,
            0.8624999523162842,
            0.8585000038146973,
            0.85999995470047,
            0.8667999505996704,
            0.8702999949455261,
            0.868399977684021,
            0.870199978351593,
            0.875,
            0.8682000041007996,
            0.865399956703186,
            0.8755999803543091
        ],
        "test_loss_history": [
            5.333974361419678,
            2.032459259033203,
            1.9604626893997192,
            1.4171861410140991,
            0.9906633496284485,
            0.8185836672782898,
            0.743198037147522,
            0.6879112720489502,
            0.6240379810333252,
            0.575776219367981,
            0.5555820465087891,
            0.5284696221351624,
            0.5078665614128113,
            0.49641501903533936,
            0.4806550145149231,
            0.4654727280139923,
            0.45540955662727356,
            0.44450101256370544,
            0.4309091567993164,
            0.430986613035202,
            0.4368486702442169,
            0.4174242913722992,
            0.4096810519695282,
            0.4180467128753662,
            0.40293052792549133,
            0.4024515151977539,
            0.38983839750289917,
            0.3789069354534149,
            0.38336458802223206,
            0.38712796568870544,
            0.3834378123283386,
            0.36883625388145447,
            0.3616611063480377,
            0.3630877733230591,
            0.3532653748989105,
            0.34502577781677246,
            0.36139246821403503,
            0.3633320927619934,
            0.341009259223938
        ],
        "train_loss_history": [
            2.134885787963867,
            4.336629390716553,
            2.0540060997009277,
            1.8487522602081299,
            1.2948808670043945,
            0.9094671607017517,
            0.7749779224395752,
            0.7199560403823853,
            0.6441189050674438,
            0.58598792552948,
            0.5490977168083191,
            0.5245451927185059,
            0.5075715184211731,
            0.48366743326187134,
            0.4701489806175232,
            0.4582757353782654,
            0.44292372465133667,
            0.4319331645965576,
            0.42190980911254883,
            0.4086053967475891,
            0.40659672021865845,
            0.399142861366272,
            0.3873710632324219,
            0.37726855278015137,
            0.3786410987377167,
            0.3711370527744293,
            0.370990127325058,
            0.3662281930446625,
            0.3539036512374878,
            0.3486272096633911,
            0.3432360887527466,
            0.3411716818809509,
            0.3364887237548828,
            0.3255574107170105,
            0.32973700761795044,
            0.3236538767814636,
            0.3163185715675354,
            0.3163793087005615,
            0.3284981846809387
        ]
    },
    "sgd_1": {
        "train_accuracy_history": [
            0.17644000053405762,
            0.18959999084472656,
            0.20085999369621277,
            0.21841999888420105,
            0.24767997860908508,
            0.28999999165534973,
            0.3205599784851074,
            0.34953999519348145,
            0.37383997440338135,
            0.41203999519348145,
            0.45701998472213745,
            0.4896000027656555,
            0.5146000385284424,
            0.5340999960899353,
            0.5495200157165527,
            0.5629400014877319,
            0.5736199617385864,
            0.5837999582290649,
            0.591920018196106,
            0.6016199588775635,
            0.6061999797821045,
            0.610759973526001,
            0.6146799921989441,
            0.6207199692726135,
            0.6253600120544434,
            0.6262799501419067,
            0.6274999380111694,
            0.6301199793815613,
            0.6318600177764893,
            0.6328200101852417,
            0.6352999806404114,
            0.634619951248169,
            0.6364399790763855,
            0.637239933013916,
            0.6383399963378906,
            0.6362799406051636,
            0.6388599872589111,
            0.6385399699211121,
            0.6385999917984009
        ],
        "test_accuracy_history": [
            0.18559999763965607,
            0.19349999725818634,
            0.20969998836517334,
            0.23439998924732208,
            0.27559998631477356,
            0.30480000376701355,
            0.3303999900817871,
            0.358599990606308,
            0.3971000015735626,
            0.4396999776363373,
            0.47529998421669006,
            0.5005999803543091,
            0.5205999612808228,
            0.5353999733924866,
            0.5485999584197998,
            0.5604999661445618,
            0.5733000040054321,
            0.583299994468689,
            0.5931000113487244,
            0.6006999611854553,
            0.6071000099182129,
            0.6137999892234802,
            0.6186999678611755,
            0.6227999925613403,
            0.6237999796867371,
            0.6265999674797058,
            0.6291999816894531,
            0.6304999589920044,
            0.6319000124931335,
            0.6333000063896179,
            0.6341999769210815,
            0.6351000070571899,
            0.6359999775886536,
            0.6365000009536743,
            0.635699987411499,
            0.6360999941825867,
            0.6348999738693237,
            0.6349999904632568,
            0.6348999738693237
        ],