{"f": -0.410515159368515, "_timestamp": 1681360047.708294, "_runtime": 0.7728838920593262, "_step": 999, "_wandb": {"runtime": 0}}