{"f_const": -0.410515159368515, "_timestamp": 1681360316.471595, "_runtime": 0.7156860828399658, "_step": 1999, "f_adapt": -0.4105151891708374, "_wandb": {"runtime": 0}}